min,max,mean,std
-3.1368957,3.1361878,-1.1357942,0.51675534
-3.141014,3.14155,-0.33581138,0.8681234
-3.1415925,3.1415925,0.43563682,3.0793593
1.9139173,1.976568,1.9381642,0.011367574
1.7700068,2.8191283,2.0179226,0.035925552
1.6887075,3.002701,2.1010249,0.03933028
0.89462286,1.7186407,1.3093762,0.03480094
1.4528799,1.4661837,1.4595306,0.0014829666
1.5155818,1.5284666,1.5256119,0.0016453553
